おだ,https://oda76.github.io/xbp/
mizuho,https://k-mizuho722.github.io/xbp/
しのしの,https://shinoshino39.github.io/xbp/
のり,https://nori0615.github.io/xbp/
よし,https://yosshiii0212.github.io/xbp/
haru.s,https://202502274.github.io/xbp/
奥さん,https://okku-sann.github.io/xbp/
Naoya0818,https://naoya0818.github.io/xbp/
そーいち,https://soichi-0711.github.io/xbp/
ｽｽﾞｷ,https://sara-1012.github.io/xbp/
しか,https://hanamin87.github.io/xbp/
takuto,https://takuto-onami.github.io/xbp/
Kouki,https://kouki4524.github.io/xbp/
タニサン, https://tani1794.github.io/xbp/
にら,https://nylaym.github.io/xbp/
Kae,https://202501830.github.io/xbp/
ゆうさく,https://araki1117.github.io/xbp/
やぎ,https://202501902.github.io/xbp/
そーま,https://souma0628.github.io/xbp/
ぶち,https://r202501907vl-jindai.github.io/xbp/
ひろっと,https://github.com/IshikawaHiroto0503/xbp.git