ロン毛,https://sites.google.com/view/longge/%E3%83%9B%E3%83%BC%E3%83%A0
なお,https://sites.google.com/view/naoproduction 
MIKI,https://sites.google.com/view/mimiki248/%E3%83%9B%E3%83%BC%E3%83%A0
ナツミ,https://sites.google.com/view/liponaturalsnatsumi-7
みるる,https://sites.google.com/view/yoasobifan/%E3%83%9B%E3%83%BC%E3%83%A0
木幡翔,https://sites.google.com/view/senmonnyumonenshukohata/%E3%83%9B%E3%83%BC%E3%83%A0
ちひろ,https://sites.google.com/view/202002287chihironohp/%E3%83%9B%E3%83%BC%E3%83%A0
りな,https://sites.google.com/view/ri-enshu5-/%E3%83%9B%E3%83%BC%E3%83%A0
miiipong,https://sites.google.com/view/miiipong
ななみ,https://sites.google.com/view/innko/%E3%83%9B%E3%83%BC%E3%83%A0
かめ,https://sites.google.com/view/kamekamenoheya/ホーム